name,m,epsk,sigma,delta
carbon_dioxide,2.03351,163.491,2.81786,1.17358
nitrogen,0.998798,94.3513,3.61590,1.10537
methane,1.00082,142.508,3.74760,1.12673
ethane,1.56358,185.392,3.57406,1.16657
propane,2.41440,184.368,3.39176,1.15188
n-butane,2.48262,209.446,3.65040,1.15976
n-pentane,3.06424,212.528,3.62421,1.16385
